app_mapping,app_name,category,globe_mapping,rule
sott_facebook,facebook,sott,sott,\w*\.\w*facebook\w*\.\w*|\w*\.fbcdn?\.\w*|\.fb\.\w*
sott_instagram,instagram,sott,sott,\w*\.instagram\.\w*
sott_wechat,wechat,sott,sott,\w*\.qq\.\w*
sott_tencent,tencent,sott,sott,\w*\.\w*tencent\.\w*
sott_kakao,kakao,sott,sott,\w*\.talk\.kakao\.\w*
sott_line,line,sott,sott,\w*\.line\.\w*
sott_snapchat,snapchat,sott,sott,\w*\.snapchat\.\w*
sott_snapchat,snapchat,sott,sott,\w*\.snapchatcdn?\.\w*
sott_linkedin,linkedin,sott,sott,\w*\.linkedin\.\w*
sott_grindr,grindr,sott,sott,\w*\.grindr\.\w*|\w*\.grindrcdn?\.\w*
sott_twitter,twitter,sott,sott,\w*[\.-]twitter[\.-]\w*|\w*\.twittercdn?\.\w*
sott_whatsapp,whatsapp,sott,sott,\w*\.whatsapp\.\w*|\w*\.whatsappcdn?\.\w*
sott_skype,skype,sott,sott,\w*\.skype\.\w*|\w*\.skypecdn?\.\w*
sott_telegram,telegram,sott,sott,\w*\.telegram\.\w*|\w*\.telegramcdn?\.\w*
sott_tinder,tinder,sott,sott,\w*\.tinder\.\w*|\w*\.tindercdn?\.\w*
sott_viber,viber,sott,sott,\w*\.\w*viber\.\w*|\w*\.vibercdn?\.\w*
music_spotify,spotify,music,music,\w*\.?spotify\w*\.\w*|\w*\.spotifycdn?\.\w*
music_applemusic,applemusic,music,music,\w*\.?itunes\.apple\.\w*|\w*\.applemusiccdn?\.\w*
music_mcs,mcs,music,music,\w*\.manilaconcertscene\.\w*
music_musically,musically,music,music,\w*\.?musical\.ly\.\w*
music_smule,smule,music,music,\w*\.?smule\.\w*
music_spinnr,spinnr,music,music,\w*\.?spinnr\.\w*
music_tidal,tidal,music,music,\w*\.?tidal\.\w*
music_deezer,deezer,music,music,\w*\.?deezer\.\w*
music_clipz,clipz,music,music,\w*\.?clip\.\w*
music_tiktok,tiktok,music,music,\w*\.?tiktok\.\w*|tiktok\w*[\.-]\w*|\w*[\.-]tiktok\w*$
music_wesing,wesing,music,music,\w*\.?wesing\.\w*|wesingapp\.\w*
music_amazonmusic,amazonmusic,music,music,\w*\.?music\.amazon\.\w*
music_yokee,yokee,music,music,\w*\.?yokee\.\w*
music_redk,redk,music,music,\w*\.?redkaraoke\.\w*
music_soundc,soundc,music,music,\w*\.?soundcloud\.\w*
sports_nba,nba,sports,sports,\w*\.nba\w*\.\w*|\w*\.nbacdn?\.\w*
sports_wwe,wwe,sports,sports,\w*\.\w*wwe\w*\.\w*|\w*\.wwecdn?\.\w*
sports_ufc,ufc,sports,sports,\w*\.\w*ufc\w*\.\w*|\w*\.ufccdn?\.\w*
sports_pba,pba,sports,sports,\w*\.pba\.\w*|\w*\.pbacdn?\.\w*
sports_espn,espn,sports,sports,\w*\.espn\.\w*|\w*\.espncdn?\.\w*
sports_bleacherreport,bleacherreport,sports,sports,\w*\.bleacherreport\.\w*|\w*\.bleacherreportcdn?\.\w*
sports_sia,sia,sports,sports,\w*\.sports\w*\.\w*|\w*\.sportscdn?\.\w*
sports_spin,spin,sports,sports,\w*\.spin\.\w*|\w*\.spincdn?\.\w*
sports_fox,fox,sports,sports,\w*\.foxsports\.\w*|\w*\.foxsportscdn?\.\w*
sports_onefc,onefc,sports,sports,\w*\.\w*onefc\w*\.\w*|\w*\.onefccdn?\.\w*
sports_cp,cp,sports,sports,\w*\.clutchpoints\.\w*|\w*\.clutchpointscdn?\.\w*
video_hooq,hooq,video,video,\w*hooq\.\w*
video_disney,disney,video,video,\w*disney\.\w* | \w*disneylife\.\w*| \w*disneyjunior\.\w*
video_netflix,netflix,video,video,\w*netflix\.\w*
video_iflix,iflix,video,video,\w*iflix\.\w*
video_youtube,youtube,video,video,\w*\.?youtube\.\w*
video_fox,fox,video,video,\w*fox\w*
video_primevideo,primevideo,video,video,\w*primevideo\w*
video_iwantv,iwantv,video,video,\w*iwantv\w*
video_hbo,hbo,video,video,\w*hbo\w*|\w*hbogo\w*|\w*hboasia\w*|\w*hbonow\w*
video_viu,viu,video,video,\w*viu\w*
video_viki,viki,video,video,\w*viki\w*
video_dramafever,dramafever,video,video,\w*dramafever\w*
video_crunchyroll,crunchyroll,video,video,\w*crunchyroll\w*
video_mavshack,mavshack,video,video,\w*mavshack\w*
video_skyondemand,skyondemand,video,video,\w*skyondemand\w* | \w*sky\w*
video_blink,blink,video,video,\w*blink\w*
video_cignal,cignal,video,video,\w*cignal\w*
video_skycable,skycable,video,video,\w*skycable\w*
video_tvplus,tvplus,video,video,\w*tvplus\w*
video_gma,gma,video,video,\w*gma\w*
video_rappler,rappler,video,video,\w*rappler\w*
video_nickelodeon,nickelodeon,video,video,\w*nickelodeon\w*
video_cartoonnetwork,cartoonnetwork,video,video,\w*cartoonnetwork\w*
edutain_cbeebies,cbeebies,edutain,edutain,\w*cbeebies\w*
edutain_discoverykids,discoverykids,edutain,edutain,\w*discoverykids\w*
edutain_natgeokids,natgeokids,edutain,edutain,\w*natgeokids\w*
edutain_abcmouse,abcmouse,edutain,edutain,\w*abcmouse\w*
l&e_colourpop,colourpop,l&e_style_and_fashion,l&e,\w*\.?colourpop\.\w*
l&e_zalora,zalora,l&e_style_and_fashion,l&e,\w*\.?zalora\.\w*
l&e_klook,klook,l&e_travel,l&e,\w*\.?klook\.\w*
l&e_booky,booky,l&e_food_and_drink,l&e,\w*\.?booky\.\w*
l&e_wattpad,wattpad,l&e_hobbies_and_interests,l&e,\w*\.?wattpad\.\w*
l&e_agoda,agoda,l&e_real_estate,l&e,\w*\.?agoda\.\w*
l&e_airbnb,airbnb,l&e_real_estate,l&e,\w*\.?airbnb\.\w*
l&e_alibaba,alibaba,l&e_shopping,l&e,\w*\.?alibaba\.\w*
l&e_aliexpress,aliexpress,l&e_shopping,l&e,\w*\.?aliexpress\.\w*
l&e_beautymnl,beautymnl,l&e_style_and_fashion,l&e,\w*\.?beautymnl\.\w*
l&e_carmudi,carmudi,l&e_automotive,l&e,\w*\.?carmudi\.\w*
l&e_dealgrocer,dealgrocer,l&e_shopping,l&e,\w*\.?dealgrocer\.\w*
l&e_expedia,expedia,l&e_travel,l&e,\w*\.?expedia\.\w*
l&e_lazada,lazada,l&e_shopping,l&e,\w*\.?lazada\.\w*
l&e_lamudi,lamudi,l&e_real_estate,l&e,\w*\.?lamudi\.\w*
l&e_olx,olx,l&e_shopping,l&e,\w*\.?olx\.\w*
l&e_property24,property24,l&e_real_estate,l&e,\w*\.?property24\.\w*
l&e_sephora,sephora,l&e_style_and_fashion,l&e,\w*\.?sephora\.\w*
l&e_shopee,shopee,l&e_shopping,l&e,\w*\.?shopee\.\w*|shopee\w*[\.-]\w*
l&e_booking,booking,l&e_real_estate,l&e,\w*\.?booking\.\w*
l&e_zennya,zennya,l&e_healthy_living,l&e,\w*\.?zennya\.\w*
l&e_shopify,shopify,l&e_shopping,l&e,\w*\.?shopify\.\w*
l&e_metromart,metromart,l&e_shopping,l&e,\w*\.?metromart\.\w*
l&e_eatigo,eatigo,l&e_food_and_drink,l&e,\w*\.?eatigo\.\w*
l&e_travelocity,travelocity,l&e_travel,l&e,\w*\.?travelocity\.\w*
l&e_trivago,trivago,l&e_travel,l&e,\w*\.?trivago\.\w*
l&e_fanfiction,fanfiction,l&e_hobbies_and_interests,l&e,\w*\.?fanfiction\.\w*
l&e_saudia,saudia,l&e_travel,l&e,\w*\.?saudia\.\w*
l&e_traveloka,traveloka,l&e_travel,l&e,\w*\.?traveloka\.\w*
l&e_uber,uber,l&e_travel,l&e,\w*\.?uber\.\w*
l&e_xe,xe,l&e_business_and_finance,l&e,\w*\.xe\.\w*
l&e_united,united,l&e_travel,l&e,\w*\.?united\.\w*
l&e_zinio,zinio,l&e_books_and_literature,l&e,\w*\.?zinio\.\w*
l&e_mober,mober,l&e_travel,l&e,\w*\.?mober\.\w*
l&e_angkas,angkas,l&e_travel,l&e,\w*\.?angkas\.\w*
l&e_qantas,qantas,l&e_travel,l&e,\w*\.?qantas\.\w*
l&e_klm,klm,l&e_travel,l&e,\w*\.klm\.\w*
l&e_emirates,emirates,l&e_travel,l&e,\w*\.?emirates\.\w*
l&e_hostelworld,hostelworld,l&e_real_estate,l&e,\w*\.?hostelworld\.\w*
l&e_soompi,soompi,l&e_hobbies_and_interests,l&e,\w*\.?soompi\.\w*
l&e_delta,delta,l&e_travel,l&e,\w*\.?delta\.\w*
l&e_travelbook,travelbook,l&e_travel,l&e,\w*\.?travelbook\.\w*
l&e_kindle,kindle,l&e_books_and_literature,l&e,\w*\.?kindle\.\w*
l&e_honestbee,honestbee,l&e_food_and_drink,l&e,\w*\.?honestbee\.\w*
l&e_indigo,indigo,l&e_travel,l&e,\w*\.?indigo\.\w*
l&e_shopback,shopback,l&e_shopping,l&e,\w*\.?shopback\.\w*
l&e_tripadvisor,tripadvisor,l&e_travel,l&e,\w*\.?tripadvisor\.\w*
l&e_jetstar,jetstar,l&e_travel,l&e,\w*\.?jetstar\.\w*
l&e_tripit,tripit,l&e_travel,l&e,\w*\.?tripit\.\w*
l&e_kkday,kkday,l&e_travel,l&e,\w*\.?kkday\.\w*
l&e_dragonpass,dragonpass,l&e_travel,l&e,\w*\.?dragonpass\.\w*
l&e_smart,smart,l&e_technology_and_computing,l&e,\w*\.?smart\.\w*
l&e_trip,trip,l&e_travel,l&e,\w*\.trip\.\w*
l&e_looloo,looloo,l&e_food_and_drink,l&e,\w*\.?looloo\.\w*
l&e_grab,grab,l&e_travel,l&e,\w*\.grab\.\w*
l&e_zomato,zomato,l&e_food_and_drink,l&e,\w*\.?zomato\.\w*
l&e_jal,jal,l&e_travel,l&e,\w*\.jal\.\w*
l&e_kyliecosmetics,kyliecosmetics,l&e_style_and_fashion,l&e,\w*\.?kyliecosmetics\.\w*
l&e_kkwbeauty,kkwbeauty,l&e_style_and_fashion,l&e,\w*\.?kkwbeauty\.\w*
l&e_kkwfragrance,kkwfragrance,l&e_style_and_fashion,l&e,\w*\.?kkwfragrance\.\w*
l&e_kfit,kfit,l&e_healthy_living,l&e,\w*\.kfit\.\w*
l&e_turkishairlines,turkishairlines,l&e_travel,l&e,\w*\.?turkishairlines\.\w*
l&e_experience,experience,l&e_travel,l&e,\w*\.experience\.\w*
l&e_airniugini,airniugini,l&e_travel,l&e,\w*\.?airniugini\.\w*
l&e_flyseaair,flyseaair,l&e_travel,l&e,\w*\.?flyseaair\.\w*
l&e_airchina,airchina,l&e_travel,l&e,\w*\.?airchina\.\w*
l&e_cathaypacific,cathaypacific,l&e_travel,l&e,\w*\.?cathaypacific\.\w*
l&e_flyroyalbrunei,flyroyalbrunei,l&e_travel,l&e,\w*\.?flyroyalbrunei\.\w*
l&e_csair,csair,l&e_travel,l&e,\w*\.csair\.\w*
l&e_hongkingairlines,hongkingairlines,l&e_travel,l&e,\w*\.?hongkingairlines\.\w*
l&e_zenrooms,zenrooms,l&e_real_estate,l&e,\w*\.?zenrooms\.\w*
l&e_airasia,airasia,l&e_travel,l&e,\w*\.?airasia\.\w*
l&e_couchsurfing,couchsurfing,l&e_real_estate,l&e,\w*\.?couchsurfing\.\w*
l&e_cheapflights,cheapflights,l&e_travel,l&e,\w*\.?cheapflights\.\w*
l&e_scottscheapflights,scottscheapflights,l&e_travel,l&e,\w*\.?scottscheapflights\.\w*
l&e_jobstreet,jobstreet,l&e_career,l&e,\w*\.?jobstreet\.\w*
l&e_flydubai,flydubai,l&e_travel,l&e,\w*\.?flydubai\.\w*
l&e_flyasiana,flyasiana,l&e_travel,l&e,\w*\.?flyasiana\.\w*
l&e_shawacademy,shawacademy,l&e_education,l&e,\w*\.?shawacademy\.\w*
l&e_philippineairlines,philippineairlines,l&e_travel,l&e,\w*\.?philippineairlines\.\w*
l&e_alternativeairlines,alternativeairlines,l&e_travel,l&e,\w*\.?alternativeairlines\.\w*
l&e_skyscanner,skyscanner,l&e_travel,l&e,\w*\.?skyscanner\.\w*
l&e_getgo,getgo,l&e_shopping,l&e,\w*\.getgo\.\w*
l&e_tripmoba,tripmoba,l&e_travel,l&e,\w*\.?tripmoba\.\w*
l&e_wheninmanila,wheninmanila,l&e_travel,l&e,\w*\.?wheninmanila\.\w*
l&e_ceair,ceair,l&e_travel,l&e,\w*\.ceair\.\w*
l&e_jinair,jinair,l&e_travel,l&e,\w*\.?jinair\.\w*
l&e_ethiopianairlines,ethiopianairlines,l&e_travel,l&e,\w*\.?ethiopianairlines\.\w*
l&e_etihad,etihad,l&e_travel,l&e,\w*\.?etihad\.\w*
l&e_etihadairways,etihadairways,l&e_travel,l&e,\w*\.?etihadairways\.\w*
l&e_etihadrail,etihadrail,l&e_travel,l&e,\w*\.?etihadrail\.\w*
l&e_etihadguest,etihadguest,l&e_travel,l&e,\w*\.?etihadguest\.\w*
l&e_omanair,omanair,l&e_travel,l&e,\w*\.?omanair\.\w*
l&e_airfrance,airfrance,l&e_travel,l&e,\w*\.?airfrance\.\w*
l&e_flyscoot,flyscoot,l&e_travel,l&e,\w*\.?flyscoot\.\w*
l&e_evaair,evaair,l&e_travel,l&e,\w*\.evaair\.\w*
l&e_flyskyjetair,flyskyjetair,l&e_travel,l&e,\w*\.?flyskyjetair\.\w*
l&e_cebupacificair,cebupacificair,l&e_travel,l&e,\w*\.?cebupacificair\.\w*
l&e_malaysiaairlines,malaysiaairlines,l&e_travel,l&e,\w*\.?malaysiaairlines\.\w*
l&e_vietnamairlines,vietnamairlines,l&e_travel,l&e,\w*\.?vietnamairlines\.\w*
l&e_flyvietnam,flyvietnam,l&e_travel,l&e,\w*\.?flyvietnam\.\w*
l&e_airbusan,airbusan,l&e_travel,l&e,\w*\.?airbusan\.\w*
l&e_silkair,silkair,l&e_travel,l&e,\w*\.?silkair\.\w*
l&e_singaporeair,singaporeair,l&e_travel,l&e,\w*\.?singaporeair\.\w*
l&e_jinio,jinio,l&e_shopping,l&e,\w*\.?jinio\.\w*
l&e_gulfair,gulfair,l&e_travel,l&e,\w*\.?gulfair\.\w*
l&e_tripkada,tripkada,l&e_travel,l&e,\w*\.?tripkada\.\w*
l&e_qatarairways,qatarairways,l&e_travel,l&e,\w*\.?qatarairways\.\w*
l&e_koreanair,koreanair,l&e_travel,l&e,\w*\.?koreanair\.\w*
l&e_jejuair,jejuair,l&e_travel,l&e,\w*\.?jejuair\.\w*
l&e_lonelyplanet,lonelyplanet,l&e_travel,l&e,\w*\.?lonelyplanet\.\w*
l&e_medgrocer,medgrocer,l&e_medical_health,l&e,\w*\.?medgrocer\.\w*
l&e_mabuhaymiles,mabuhaymiles,l&e_travel,l&e,\w*\.?mabuhaymiles\.\w*
l&e_kuwaitairways,kuwaitairways,l&e_travel,l&e,\w*\.?kuwaitairways\.\w*
l&e_amazon,amazon,l&e_shopping,l&e,\w*\.amazon\.\w*
l&e_withlocals,withlocals,l&e_travel,l&e,\w*\.?withlocals\.\w*
l&e_asiamiles,asiamiles,l&e_travel,l&e,\w*\.?asiamiles\.\w*
l&e_xiamenair,xiamenair,l&e_travel,l&e,\w*\.?xiamenair\.\w*
l&e_airasiabig,airasiabig,l&e_travel,l&e,\w*\.?airasiabig\.\w*
l&e_passport,passport,l&e_travel,l&e,\w*.passport\.\w*
games_thirtysevengames,thirtysevengames,games,games,\w*\.?37games\.\w*
games_steam,steam,games,games,\w*\.?steampowered\.\w*
games_finalfantasy,finalfantasy,games,games,\w*\.?finalfantasy\.\w*
games_datablitz,datablitz,games,games,\w*\.?datablitz\.\w*
games_diablo3,diablo3,games,games,\w*\.?diablo3\.\w*
games_dota2,dota2,games,games,\w*\.?dota2\.\w*
games_gamepedia,gamepedia,games,games,\w*\.?gamepedia\.\w*
games_leagueoflegends,leagueoflegends,games,games,\w*\.?leagueoflegends\.\w*
games_overwatch,overwatch,games,games,\w*\.?overwatch\.\w*
games_minecraft,minecraft,games,games,\w*\.?minecraft\.\w*
games_starcraft2,starcraft2,games,games,\w*\.?starcraft2\.\w*
games_blizzard,blizzard,games,games,\w*\.?blizzard\.\w*
games_battle,battle,games,games,\w*\.?battle\.net\.\w*
games_garena,garena,games,games,\w*\.?garena\.\w*
games_riotgames,riotgames,games,games,\w*\.?riotgames\.\w*
games_pathofexile,pathofexile,games,games,\w*\.?pathofexile\.\w*
games_ea,ea,games,games,\w*\.ea\.\w+$
games_eslone,eslone,games,games,\w*\.?esl\-one\.\w*
games_linekong,linekong,games,games,\w*\.?linekong\.\w*
games_pokemongo,pokemongo,games,games,\w*\.?pokemongo\.?\w*
games_paladins,paladins,games,games,\w*\.?paladins\.\w*
games_swordartonline,swordartonline,games,games,\w*\.?swordartonline\.\w*
games_gtarcade,gtarcade,games,games,\w*\.?gtarcade\.\w*
games_twitch,twitch,games,games,\w*\.?twitch\.\w*$
games_ragnarok,ragnarok,games,games,\w*\.?ragnarok\.\w*
games_teamfortress,teamfortress,games,games,\w*\.?teamfortress\.\w*
games_king,king,games,games,\w*\.king\.\w+$
games_playrix,playrix,games,games,\w*\.?playrix\.\w*
games_peakgames,peakgames,games,games,\w*\.?peakgames\.\w*
games_freefiremobile,freefiremobile,games,games,\w*\.?freefiremobile\.\w*
games_marvelstrikeforce,marvelstrikeforce,games,games,\w*\.?marvelstrikeforce\.\w*
games_mobilelegends,mobilelegends,games,games,\w*\.?mobilelegends\.\w*|mobilelegends\w*\.\w*
games_pubg,pubg,games,games,\w*\.pubg\.\w*
games_qpyou,qpyou,games,games,\w*\.?qpyou\.\w*
games_lineage2,lineage2,games,games,\w*\.?lineage2\.\w*
games_hearthstone,hearthstone,games,games,\w*\.?hearthstone\.\w*
games_dragonnest,dragonnest,games,games,\w*\.?dragonnest\.\w*
games_r2games,r2games,games,games,\w*\.?r2games\.\w*
games_igg,igg,games,games,\w*\.igg\.\w*$
games_clashofclans,clashofclans,games,games,\w*\.?clashofclans\.\w*
games_clashroyale,clashroyale,games,games,\w*\.?clashroyale\.\w*
games_vainglorygame,vainglorygame,games,games,\w*\.?vainglorygame\.\w*
games_freegames33,freegames33,games,games,\w*\.?freegames33\.\w*
games_aptoide,aptoide,games,games,\w*\.?aptoide\.\w*
games_kotaku,kotaku,games,games,\w*\.?kotaku\.\w*
games_mineski,mineski,games,games,\w*\.?mineski\.\w*
games_playstation,playstation,games,games,\w*\.?playstation\.\w*
games_starwars,starwars,games,games,\w*\.?starwars\.\w*
games_origin,origin,games,games,\w*\.origin\.\w*$
games_ign,ign,games,games,\w*\.ign\.\w*$
games_ubisoft,ubisoft,games,games,\w*\.?ubisoft\.\w*
games_ungeek,ungeek,games,games,\w*\.?ungeek\.\w*
games_wordscapes,wordscapes,games,games,\w*\.?wordscapes\.\w*
games_roblox,roblox,games,games,\w*\.?roblox\.\w*
games_marvelfuturefight,marvelfuturefight,games,games,\w*\.?marvelfuturefight\.\w*
games_rulesofsurvival,rulesofsurvival,games,games,\w*\.?rulesofsurvival\.\w*
games_ragnaroketernallove,ragnaroketernallove,games,games,\w*\.?ragnaroketernallove\.\w*
games_disneyheroesgame,disneyheroesgame,games,games,\w*\.?disneyheroesgame\.\w*
edutain_history,history,edutain,edutain,\w*\-?\w*\.?\w*\.?\w*?\.?history\.\w*
edutain_discovery,discovery,edutain,edutain,\w*\-?\w*\.?\w*\.?\w*?\.?discovery\.\w*
edutain_natgeo,natgeo,edutain,edutain,\w*\-?\w*\.?\w*\.?\w*?\.national?geographic?\.\w*
edutain_nationalgeographic,nationalgeographic,edutain,edutain,\w*\-?\w*\.?\w*\.?\w*?\.?nationalgeographic\.\w*
edutain_animalplanet,animalplanet,edutain,edutain,\w*\-?\w*\.?\w*\.?\w*?\.?animalplanet\.\w*
edutain_davincikids,davincikids,edutain,edutain,\w*\-?\w*\.?\w*\.?\w*?\.?davincikids\.?\w*?
vas_globe,globe,vas,vas,globe\w*[\.-]\w*
vas_opm2go,opm2go,vas,vas,\w*\-?\w*\.?\w*\.?\w*?opm2go\.\w*
vas_rbt,rbt,vas,vas,rbt\.\w*
others_ads,chartboost,others_ads,others_ads,\w*\.chartboost\w*\.\w*
others_ads,admob,others_ads,others_ads,\w*\.\w*admob\w*\.\w*
others_ads,unityads,others_ads,others_ads,\w*\.\w*unityads\w*\.\w*
others_ads,leadbolt,others_ads,others_ads,\w*\.leadbolt\.\w*
others_ads,inmobi,others_ads,others_ads,\w*\.inmobi\w*\.\w*
others_ads,rayjump,others_ads,others_ads,\w*\.rayjump\.\w*
others_ads,netease,others_ads,others_ads,\w*\.netease\w*\.\w*
others_ads,fyber,others_ads,others_ads,\w*\.fyber\.\w*
others_ads,millennialmedia,others_ads,others_ads,\w*\.millennialmedia\.\w*
others_ads,adcolony,others_ads,others_ads,\w*\.\w*adcolony\w*\.\w*
others_ads,supersonicads,others_ads,others_ads,\w*\.supersonicads\.\w*
others_ads,medianet,others_ads,others_ads,\w*\.media\.net\.\w*
others_ads,flurrydata,others_ads,others_ads,\w*\.flurrydata\.\w*
others_ads,googletagservices,others_ads,others_ads,\w*(\.)?googletagservices\.\w*
others_ads,avazunativeads,others_ads,others_ads,\w*(\.)?avazunativeads\.\w*
others_ads,doubleclick,others_ads,others_ads,\w*(\.)?doubleclick\.\w*
others_ads,smaato,others_ads,others_ads,\w*\.smaato\.\w*
others_general,huaweimobilewifi,others_general,others_general,\w*\.huaweimobilewifi\w*\.\w*
others_general,homerouter,others_general,others_general,\w*\.homerouter\w*\.\w*
others_usercontent,amazonaws,others_usercontent,others_usercontent,\w*\.amazonaws\w*\.\w*
others_usercontent,cloudfront,others_usercontent,others_usercontent,\w*\.cloudfront\w*\.\w*
others_usercontent,googleusercontent,others_usercontent,others_usercontent,\w*\.googleusercontent\w*\.\w*
others_usercontent,icloud,others_usercontent,others_usercontent,\w*\.icloud\w*\.\w*
others_analytics,youngjoygame,others_analytics,others_analytics,\w*(\.)?youngjoygame\w*\.\w*
others_analytics,scorecardresearch,others_analytics,others_analytics,\w*(\.)?scorecardresearch\w*\.\w*
others_analytics,quantserve,others_analytics,others_analytics,\w*(\.)?quantserve\w*\.\w*
others_analytics,quantcount,others_analytics,others_analytics,\w*(\.)?quantcount\w*\.\w*
others_analytics,quantcast,others_analytics,others_analytics,\w*(\.)?quantcast\w*\.\w*
others_analytics,cootek,others_analytics,others_analytics,\w*(\.)?cootek\w*\.\w*
others_analytics,byteoversea,others_analytics,others_analytics,\w*(\.)?byteoversea\w*\.\w*
others_background_services,msftconnecttest,others_background_services,others_background_services,\w*(\.)?msftconnecttest\w*\.\w*
others_background_services,googlezip,others_background_services,others_background_services,\w*(\.)?googlezip\w*\.\w*
others_background_services,mobengine,others_background_services,others_background_services,\w*(\.)?mobengine\w*\.\w*
others_background_services,duapps,others_background_services,others_background_services,\w*(\.)?duapps\w*\.\w*
others_background_services,weathercn,others_background_services,others_background_services,\w*(\.)?weathercn\w*\.\w*
others_background_services,avast,others_background_services,others_background_services,\w*(\.)?avast\w*\.\w*
others_background_services,oppomobile,others_background_services,others_background_services,\w*(\.)?oppomobile\w*\.\w*|\Wmyoppo\W
others_background_services,yuanzhanapp,others_background_services,others_background_services,\w*(\.)?yuanzhanapp\w*\.\w*
others_background_services,goforandroid,others_background_services,others_background_services,\w*(\.)?goforandroid\w*\.\w*
others_background_services,accuweather,others_background_services,others_background_services,\w*(\.)?accu(-)?wea(ther)?\w*\.\w*
others_background_services,ksmobile,others_background_services,others_background_services,\w*(\.)?ksmobile\w*\.\w*
others_background_services,samsungapps,others_background_services,others_background_services,\w*(\.)?samsungapps\w*\.\w*
others_background_services,smartadserver,others_background_services,others_background_services,\w*(\.)?smartadserver\w*\.\w*
others_background_services,huawei,others_background_services,others_background_services,\w*(\.)?huawei\w*\.\w*
others_background_services,vivoglobal,others_background_services,others_background_services,\w*(\.)?vivoglobal\w*\.\w*|\w*\.vivo.com
others_background_services,msftconnecttest,others_background_services,others_background_services,\w*(\.)?msftconnecttest\w*\.\w*
others_ip,ip_address,others_ip,others_ip,^([0-9 \. :])*$
l&e_shareit,shareit,l&e_technology_and_computing,l&e,[uw]?shareit[\.-]\w*|\w*[\.-][uw]?shareit
l&e_gcash,gcash,l&e_business_and_finance,l&e,gcash[\.-]\w*
l&e_picsart,picsart,l&e_hobbies_and_interests,l&e,picsart\.\w*
l&e_vova,vova,l&e_shopping,l&e,\w*vova\w*
games_tongits,tongits,games,games,tongitsgo\.\w*
l&e_paymaya,paymaya,l&e_business_and_finance,l&e,\w*paymaya\w*[\.-]
games_homescapes,homescapes,games,games,\w*homescapes\w*
games_dropstackball,dropstackball,games,games,helixgames\.\w*
l&e_taobao,taobao,l&e_shopping,l&e,\w*(.)?taobao(.)?\w*
others_background_services,hicloud,others_background_services,others_background_services,\w*(.)?hicloud(.)?\w*
others_background_services,googleapi,others_background_services,others_background_services,\w*(.)?googleapis(.)?\w*
others_background_services,mopub,others_background_services,others_background_services,\w*(.)?mopub(.)?\w*
others_background_services,windowsupdate,others_background_services,others_background_services,\w*(.)?windowsupdate(.)?\w*
l&e_kika,kikakeyboard,l&e_technology_and_computing,l&e,\w*(.)?kikakeyboard(.)?\w*|\Wkika\W
games_amanotes,amanotes,games,games,amanotes\w*\.\w*
l&e_photogrid,photogrid,l&e_hobbies_and_interests,l&e,photogrid\w*\.\w*
video_kinemaster,kinemaster,video,video,kinemaster[\.-]\w*
games_candycrush,candycrush,games,games,candycrush\w*\.\w*
l&e_lightroom,lightroom,l&e_hobbies_and_interests,l&e,lightroom\w*\.\w*
games_zingplay,zingplay,games,games,zingplay\.\w*
games_saygames,saygames,games,games,saygames\.\w*
games_goodjobgames,goodjobgames,games,games,goodjobgames\.\w*
games_voodoo,voodoo,games,games,voodoo(-)?\w*\.\w*
others_background_services,zkmobi,others_background_services,others_background_services,\w*(\.)?zkmobi(\.)?\w*
others_background_services,opera,others_background_services,others_background_services,\Wopera\W|\Woperamini\W
others_usercontent,bytecdn,others_usercontent,others_usercontent,\Wbytecdn\W
others_background_services,9snail,others_background_services,others_background_services,\W9snail\W
others_background_services,ucbrowser,others_background_services,others_background_services,\w*\Wuc.cn|\w*ucweb.com
others_ads,googleadservices,others_ads,others_ads,\Wgoogleadservices\W
others_ads,bulldogcpi,others_ads,others_ads,\Wbulldogcpi\W
others_analytics,googleanalytics,others_analytics,others_analytics,\Wgoogle-analytics\W
l&e_simejiglobal,simejiglobal,l&e_technology_and_computing,l&e,\Wsimejiglobal\W
adult_xxx,adult_xxx, adult,adult,\W\w*xxx\w*\W|\w*xxx\w*\W|\W\w*xxx\w*
adult_porn,adult_porn, adult,adult,\W\w*porn\w*\W|\w*porn\w*\W|\W\w*porn\w*
adult_xvideos,adult_xvideos, adult,adult,\W\w*xvideos\w*\W|\w*xvideos\w*\W|\W\w*xvideos\w*
adult_milf,adult_milf, adult,adult,\W\w*milf\w*\W|\W\w*milf\w*|\w*milf\w*\W
adult_bangbros,adult_bangbros, adult,adult,\Wbangbros\w*\W|\Wbangbros\w*|bangbros\w*\W
adult_hentai,adult_hentai, adult,adult,\W\w*hentai\w*\W|\W\w*hentai\w*|\w*hentai\w*\W
adult_fuck,adult_fuck, adult,adult,\W\w*fuck\w*\W|\W\w*fuck\w*|\w*fuck\w*\W
adult_redtube,adult_redtube, adult,adult,\W\w*redtube\w*\W|\W\w*redtube\w*|\w*redtube\w*\W
adult_brazzers,adult_brazzers, adult,adult,\Wbrazzers\w*\W|\Wbrazzers\w*|brazzers\w*\W
adult_pussy,adult_pussy, adult,adult,\W\w*pussy\w*\W|\W\w*pussy\w*|\w*pussy\w*\W
adult_familydicks,adult_familydicks, adult,adult,\Wfamilydicks\W|\W\w*familydicks|familydicks\W
adult_boobs,adult_boobs, adult,adult,\W\w*boobs\w*\W|\W\w*boobs\w*|\w*boobs\w*\W
adult_xnxx,adult_xnxx, adult,adult,\W\w*xnxx\w*\W|\W\w*xnxx\w*|\w*xnxx\w*\W
adult,adult, adult,adult,\W\w*adult\w*\W|\w*adult\w*\W|\W\w*adult\w*
